date,player_name,team,position,real_score,card_boost,drafts,total_value,is_highest_value,is_most_popular,is_most_drafted_3x
2026-03-25,Max Fried,NYY,P,6.0,,4700.0,12.0,1,1,0
2026-03-25,Ryan McMahon,NYY,3B,2.2,,155.0,4.4,1,0,0
2026-03-25,Trent Grisham,NYY,OF,2.0,,261.0,4.0,1,1,0
2026-03-25,Giancarlo Stanton,NYY,DH,1.7,,31.0,3.4,1,0,0
2026-03-25,JT Brubaker,SF,P,1.8,,1.0,3.6,1,0,0
2026-03-25,Austin Wells,NYY,C,1.2,,204.0,2.4,1,1,0
2026-03-25,Camilo Doval,SF,P,1.1,,3.0,2.2,1,0,0
2026-03-25,Jose Caballero,NYY,SS,1.0,,4.0,2.0,1,0,0
2026-03-25,Jazz Chisholm Jr.,NYY,3B,0.9,,511.0,1.8,1,1,0
2026-03-25,Jake Bird,NYY,P,0.8,,1.0,1.6,1,0,0
2026-03-25,Logan Webb,SF,P,0.3,,3400.0,0.6,1,1,0
2026-03-25,Luis Arraez,SF,DH,0.3,,418.0,0.6,1,1,0
2026-03-25,Ben Rice,NYY,1B,0.2,,397.0,0.4,1,1,0
2026-03-25,Cody Bellinger,SF,OF,0.2,,648.0,0.4,1,1,0
2026-03-25,Aaron Judge,NYY,OF,-0.7,,14600.0,-1.4,0,1,0
2026-03-25,Rafael Devers,SF,3B,0.1,,7700.0,0.2,0,1,0
2026-03-25,Matt Chapman,SF,3B,-0.2,,3700.0,-0.4,0,1,0
2026-03-25,Willy Adames,SF,SS,-0.4,,3500.0,-0.8,0,1,0
2026-03-25,Jung Hoo Lee,SF,OF,-0.6,,3400.0,-1.2,0,1,0
2026-03-25,Heliot Ramos,SF,OF,0.1,,2400.0,0.2,0,1,0
2026-03-25,Anthony Volpe,NYY,SS,,,,,0,1,0
2026-03-25,Carlos Rodon,NYY,P,,,,,0,1,0
2026-03-30,Miguel Vargas,CWS,3B,6.2,3.0,1.0,31.0,1,0,0
2026-03-30,Corbin Carroll,ARI,OF,5.9,3.0,11.0,29.5,1,0,0
2026-03-30,Jose Altuve,HOU,2B,5.7,3.0,3.0,28.5,1,0,0
2026-03-30,Kyle Isbel,KC,OF,4.5,3.0,2.0,22.5,1,0,0
2026-03-30,Ezequiel Tovar,COL,SS,4.0,2.9,2.0,19.6,1,0,0
2026-03-30,Steven Kwan,CLE,OF,3.6,3.0,12.0,18.0,1,0,0
2026-03-30,William Contreras,MIL,C,3.9,2.1,6.0,15.99,1,0,0
2026-03-30,Mauricio Dubón,ATL,OF,3.4,3.0,1.0,17.0,1,0,0
2026-03-30,Gunnar Henderson,BAL,SS,3.0,3.0,12.0,15.0,1,0,0
2026-03-30,Yordan Alvarez,HOU,DH,3.1,2.2,121.0,13.02,1,0,0
2026-03-30,Colt Keith,DET,2B,2.8,3.0,5.0,14.0,1,0,0
2026-03-30,Austin Hays,CWS,OF,3.3,3.0,4.0,16.5,1,0,0
2026-03-30,TJ Rumfield,COL,OF,3.0,3.0,1.0,15.0,1,0,0
2026-03-30,Jackson Merrill,SD,OF,2.6,3.0,1.0,13.0,1,0,0
2026-03-30,Shohei Ohtani,LAD,DH,0,3.0,4400.0,0.0,0,1,1
2026-03-30,Mike Trout,LAA,OF,-0.5,1.4,3300.0,-1.7,0,1,0
2026-03-30,Will Smith,LAD,C,-0.1,1.2,2400.0,-0.32,0,1,0
2026-03-30,Aaron Judge,NYY,OF,0.4,2.0,1900.0,1.6,0,1,0
2026-03-30,Chase DeLauter,CLE,OF,-0.6,1.2,1800.0,-1.92,0,1,0
2026-03-30,Kevin McGonigle,DET,3B,0.3,1.3,1700.0,0.99,0,1,0
2026-03-30,Chase Burns,CIN,P,5.0,,1600.0,10.0,0,1,0
2026-03-30,Brendan Donovan,SEA,2B,0.5,1.4,1500.0,1.7,0,1,0
2026-03-30,Christian Yelich,MIL,OF,-0.6,,1500.0,-1.2,0,1,0
2026-03-30,Kyle Schwarber,PHI,DH,-0.1,3.0,1500.0,-0.5,0,1,1
2026-03-30,Brandon Lowe,PIT,2B,0.6,1.1,1400.0,1.86,0,1,0
2026-03-30,Cody Ponce,MIA,P,1.3,,1400.0,2.6,0,1,0
2026-03-30,Wilyer Abreu,BOS,OF,1.8,1.1,1400.0,5.58,0,1,0
2026-03-30,Luke Raley,SEA,OF,,,1300.0,,0,1,0
2026-03-30,Vladimir Guerrero Jr.,TOR,1B,-0.4,3.0,1300.0,-2.0,0,0,1
2026-03-30,Bobby Witt Jr.,KC,SS,-0.8,3.0,698.0,-4.0,0,0,1
2026-03-30,George Springer,TOR,OF,1.7,3.0,688.0,8.5,0,0,1
2026-03-31,Shohei Ohtani,LAD,DH,5.8,3.0,7200.0,29.0,1,1,1
2026-03-31,Oneil Cruz,PIT,SS,5.7,3.0,2.0,28.5,1,0,0
2026-03-31,Willy Adames,SF,SS,5.5,3.0,8.0,27.5,1,0,0
2026-03-31,Danny Jansen,TEX,C,5.1,3.0,1.0,25.5,1,0,0
2026-03-31,Taylor Ward,BAL,OF,4.6,3.0,2.0,23.0,1,0,0
2026-03-31,Jung Hoo Lee,SF,OF,4.2,3.0,1.0,21.0,1,0,0
2026-03-31,Logan Webb,SF,P,3.7,3.0,4300.0,18.5,1,1,1
2026-03-31,Yordan Alvarez,HOU,DH,4.2,1.8,2200.0,15.96,1,1,0
2026-03-31,Corey Seager,TEX,SS,3.4,2.8,24.0,16.32,1,0,0
2026-03-31,Ben Rice,NYY,1B,3.1,3.0,2.0,15.5,1,0,0
2026-03-31,Jake Bauers,MIL,1B,3.1,3.0,1.0,15.5,1,0,0
2026-03-31,Max Muncy,LAD,3B,2.9,3.0,2.0,14.5,1,0,0
2026-03-31,Carlos Correa,HOU,SS,3.0,3.0,1.0,15.0,1,0,0
2026-03-31,Jacob Wilson,OAK,SS,2.9,3.0,1.0,14.5,1,0,0
2026-03-31,Max Fried,NYY,P,6.8,,2800.0,13.6,0,1,0
2026-03-31,Mike Trout,LAA,OF,0.3,1.8,2800.0,1.14,0,1,0
2026-03-31,Hunter Brown,HOU,P,6.2,,2400.0,12.4,0,1,0
2026-03-31,Christian Yelich,MIL,OF,-0.2,1.2,1700.0,-0.64,0,1,0
2026-03-31,Chase DeLauter,CLE,OF,-0.1,1.6,1500.0,-0.36,0,1,0
2026-03-31,Jose Altuve,HOU,2B,0.2,1.7,1500.0,0.74,0,1,0
2026-03-31,Luis Robert Jr.,NYM,OF,-0.3,1.3,1400.0,-0.99,0,1,0
2026-03-31,Shea Langeliers,OAK,C,1.3,1.1,1400.0,4.03,0,1,0
2026-03-31,Aaron Judge,NYY,OF,-0.7,2.4,1400.0,-3.08,0,1,0
2026-03-31,Brendan Donovan,SEA,2B,0.2,1.6,1300.0,0.72,0,1,0
2026-03-31,William Contreras,MIL,C,-0.5,1.5,1300.0,-1.75,0,1,0
2026-03-31,Tanner Bibee,CLE,P,2.7,3.0,1200.0,13.5,0,0,1
2026-03-31,Kyle Schwarber,PHI,DH,2.3,3.0,1100.0,11.5,0,0,1
2026-03-31,Vladimir Guerrero Jr.,TOR,1B,2.1,3.0,910.0,10.5,0,0,1
2026-03-29,Colson Montgomery,CWS,SS,6.3,3.0,5.0,31.5,1,0,0
2026-03-29,Yandy Díaz,TB,1B,7.5,1.9,4.0,29.25,1,0,0
2026-03-29,Eugenio Suárez,CIN,3B,5.4,3.0,2.0,27.0,1,0,0
2026-03-29,Jordan Walker,STL,OF,5.4,3.0,2.0,27.0,1,0,0
2026-03-29,Andrew McCutchen,TEX,DH,4.6,3.0,1.0,23.0,1,0,0
2026-03-29,Christian Yelich,MIL,OF,5.2,1.3,83.0,17.16,1,0,0
2026-03-29,Brendan Donovan,SEA,2B,4.7,2.3,118.0,20.21,1,0,0
2026-03-29,Wilyer Abreu,BOS,OF,4.8,1.8,12.0,18.24,1,0,0
2026-03-29,Alex Bregman,CHC,3B,4.0,3.0,18.0,20.0,1,0,0
2026-03-29,Tyler O'Neill,BAL,OF,3.9,3.0,1.0,19.5,1,0,0
2026-03-29,Zach Neto,LAA,SS,3.8,2.9,2.0,18.62,1,0,0
2026-03-29,Brandon Nimmo,TEX,OF,3.7,3.0,6.0,18.5,1,0,0
2026-03-29,Isaac Paredes,HOU,3B,3.5,3.0,2.0,17.5,1,0,0
2026-03-29,Owen Caissie,MIA,OF,4.6,1.1,32.0,14.26,1,0,0
2026-03-29,Mike Trout,LAA,OF,0.2,1.1,3200.0,0.62,0,1,0
2026-03-29,Jesús Luzardo,PHI,P,1.1,,2800.0,2.2,0,1,0
2026-03-29,Nolan McLean,NYM,P,2.7,,2400.0,5.4,0,1,0
2026-03-29,José Ramírez,CLE,3B,-0.1,2.2,2300.0,-0.42,0,1,0
2026-03-29,Shota Imanaga,CHC,P,1.0,,2000.0,2.0,0,1,0
2026-03-29,Pete Crow-Armstrong,CHC,OF,-0.6,1.4,1800.0,-2.04,0,1,0
2026-03-29,Chase DeLauter,CLE,OF,0.1,,1700.0,0.2,0,1,0
2026-03-29,Luke Raley,SEA,OF,0.6,1.2,1600.0,1.92,0,1,0
2026-03-29,Vladimir Guerrero Jr.,TOR,1B,0.7,3.0,1600.0,3.5,0,1,1
2026-03-29,Yordan Alvarez,HOU,DH,2.4,3.0,1400.0,12.0,0,1,1
2026-03-29,Ronald Acuña Jr.,ATL,OF,-0.5,3.0,1200.0,-2.5,0,1,1
2026-03-29,Shea Langeliers,OAK,C,0.1,,1200.0,0.2,0,1,0
2026-03-29,Bobby Witt Jr.,KC,SS,1.4,3.0,1100.0,7.0,0,1,1
2026-03-29,Brandon Sproat,MIL,P,-4.2,,1100.0,-8.4,0,1,0
2026-03-29,Cal Raleigh,SEA,C,1.0,3.0,926.0,5.0,0,0,1
2026-03-29,Jorge Soler,LAA,DH,2.7,2.8,,12.96,0,0,0
2026-03-29,Christian Walker,HOU,1B,2.9,3.0,,14.5,0,0,0
2026-03-29,Michael Busch,BOS,1B,-0.5,1.4,,-1.7,0,0,0
2026-03-29,Junior Caminero,TB,SS,-0.7,3.0,,-3.5,0,0,0
2026-03-29,B. Lockridge,CHC,OF,2.0,3.0,,10.0,0,0,0
2026-03-29,Pete Alonso,NYM,1B,2.3,3.0,,11.5,0,0,0
2026-03-28,Royce Lewis,MIN,SS,4.1,3.0,1.0,20.5,1,0,0
2026-03-28,Luis Robert Jr.,NYM,OF,5.5,1.1,5.0,17.05,1,0,0
2026-03-28,Oswald Peraza,LAA,SS,3.4,3.0,1.0,17.0,1,0,0
2026-03-28,Wilyer Abreu,BOS,OF,3.4,3.0,2.0,17.0,1,0,0
2026-03-28,Garrett Mitchell,MIL,OF,3.6,3.0,5.0,18.0,1,0,0
2026-03-28,Jorge Soler,LAA,DH,3.2,3.0,1.0,16.0,1,0,0
2026-03-28,Ezequiel Tovar,COL,SS,2.9,3.0,1.0,14.5,1,0,0
2026-03-28,JJ Wetherholt,STL,2B,4.5,1.2,13.0,14.4,1,0,0
2026-03-28,Owen Caissie,MIA,OF,3.8,1.8,2.0,14.44,1,0,0
2026-03-28,Nolan Schanuel,LAA,1B,3.2,2.5,1.0,14.4,1,0,0
2026-03-28,Shea Langeliers,OAK,C,5.7,0.5,119.0,14.25,1,0,0
2026-03-28,Will Smith,LAD,C,3.8,1.6,102.0,13.68,1,0,0
2026-03-28,Christian Walker,HOU,1B,2.6,3.0,1.0,13.0,1,0,0
2026-03-28,Jake Meyers,HOU,OF,3.0,3.0,1.0,15.0,1,0,0
2026-03-28,Shohei Ohtani,LAD,DH,-0.1,3.0,4900.0,-0.5,0,1,1
2026-03-28,Bryan Woo,SEA,P,4.9,,3500.0,9.8,0,1,0
2026-03-28,Mookie Betts,LAD,SS,0.0,1.1,3300.0,0.0,0,1,0
2026-03-28,Aaron Judge,NYY,OF,1.6,2.0,3200.0,6.4,0,1,0
2026-03-28,Mike Trout,LAA,OF,1.9,,2600.0,3.8,0,1,0
2026-03-28,Tyler Glasnow,LAD,P,4.7,,2000.0,9.4,0,1,0
2026-03-28,Kyle Tucker,LAD,OF,0.4,1.5,1900.0,1.4,0,1,0
2026-03-28,Dylan Cease,LAD,P,6.2,,1800.0,12.4,0,1,0
2026-03-28,Andy Pages,LAD,OF,-0.4,1.1,1600.0,-1.24,0,1,0
2026-03-28,Eury Pérez,MIA,P,3.6,,1500.0,7.2,0,1,0
2026-03-28,Kevin McGonigle,DET,3B,-0.6,,1300.0,-1.2,0,1,0
2026-03-28,Bobby Witt Jr.,KC,SS,0.5,3.0,1300.0,2.5,0,1,1
2026-03-28,Chase DeLauter,CLE,OF,2.4,,1200.0,4.8,0,1,0
2026-03-28,Yordan Alvarez,HOU,DH,1.7,3.0,1200.0,8.5,0,1,1
2026-03-28,Vladimir Guerrero Jr.,TOR,1B,1.5,3.0,1100.0,7.5,0,0,1
2026-03-28,Cal Raleigh,SEA,C,0.6,3.0,652.0,3.0,0,0,1
2026-03-28,Mitch Keller,PIT,P,5.8,,,11.6,0,0,0
2026-03-28,Brice Turang,MIL,2B,2.3,3.0,,11.5,0,0,0
2026-03-28,Christian Yelich,MIL,OF,2.9,1.9,,11.31,0,0,0
2026-03-28,David Hamilton,MIL,SS,1.2,1.5,,4.2,0,0,0
2026-03-28,B. Lockridge,MIL,OF,1.1,3.0,,5.5,0,0,0
2026-03-28,Jordan Walker,STL,OF,0.9,3.0,,4.5,0,0,0
2026-03-28,Corey Seager,TEX,SS,2.6,2.7,,12.22,0,0,0
2026-03-28,A. Ramírez,MIA,OF,1.9,3.0,,9.5,0,0,0
2026-03-28,C. Patrick,OAK,P,1.6,,,3.2,0,0,0
2026-03-28,Cody Correa,HOU,SS,2.4,,,4.8,0,0,0
2026-03-28,Tommy Bradley,MIN,3B,3.3,,,6.6,0,0,0
2026-03-28,Corbin Carroll,ARI,OF,1.0,,,2.0,0,0,0
2026-03-28,Walker Langford,STL,P,0.2,,,0.4,0,0,0
2026-03-28,Ramon Laureano,ATL,OF,2.0,,,4.0,0,0,0
2026-03-28,José Ramírez,CLE,3B,1.4,,,2.8,0,0,0
2026-03-27,Mookie Betts,LAD,SS,4.2,2.5,1900.0,18.9,1,1,0
2026-03-27,Mike Trout,LAA,OF,3.2,,2400.0,6.4,1,1,0
2026-03-27,Kevin Gausman,TOR,P,6.6,,1900.0,13.2,1,1,0
2026-03-27,Cam Schlittler,NYY,P,6.1,,495.0,12.2,1,0,0
2026-03-27,Sandy Alcantara,MIA,P,5.7,,1800.0,11.4,1,1,0
2026-03-27,Shea Langeliers,OAK,C,5.4,,6.0,10.8,1,0,0
2026-03-27,Kyle Tucker,LAD,OF,2.6,2.0,2300.0,10.4,1,1,0
2026-03-27,Andrés Giménez,TOR,2B,5.9,,3.0,11.8,1,0,0
2026-03-27,Chris Sale,ATL,P,5.2,,3300.0,10.4,1,1,0
2026-03-27,Luke Raley,SEA,OF,2.5,1.6,81.0,9.0,1,0,0
2026-03-27,Giancarlo Stanton,NYY,DH,2.3,1.8,71.0,8.74,1,0,0
2026-03-27,George Kirby,SEA,P,4.4,,1700.0,8.8,1,1,0
2026-03-27,Michael King,SD,P,4.1,,122.0,8.2,1,0,0
2026-03-27,Randy Arozarena,SEA,OF,1.6,3.0,5.0,8.0,1,0,0
2026-03-27,Shohei Ohtani,LAD,DH,0.1,3.0,7800.0,0.5,0,1,1
2026-03-27,José Ramírez,CLE,3B,-0.5,1.1,3700.0,-1.55,0,1,0
2026-03-27,Corbin Carroll,ARI,OF,-0.5,3.0,2200.0,-2.5,0,1,1
2026-03-27,Cal Raleigh,SEA,C,-0.6,3.0,2100.0,-3.0,0,1,1
2026-03-27,Yordan Alvarez,HOU,DH,1.3,3.0,1900.0,6.5,0,1,1
2026-03-27,Framber Valdez,HOU,P,3.6,,1900.0,7.2,0,1,0
2026-03-27,Fernando Tatis Jr.,SD,SS,-0.6,3.0,1700.0,-3.0,0,1,1
2026-03-27,Robbie Ray,SF,P,2.8,,,5.6,0,0,0
2026-03-27,Ramón Laureano,ATL,OF,1.2,2.2,,5.04,0,0,0
2026-03-26,Cristopher Sánchez,PHI,P,6.8,,2300.0,13.6,1,1,0
2026-03-26,Tarik Skubal,DET,P,6.0,,6900.0,12.0,1,1,0
2026-03-26,Trevor Rogers,BAL,P,5.9,,83.0,11.8,1,0,0
2026-03-26,Garrett Crochet,BOS,P,5.8,,5300.0,11.6,1,1,0
2026-03-26,Joe Ryan,MIN,P,5.6,,43.0,11.2,1,0,0
2026-03-26,José Soriano,LAA,P,5.6,,15.0,11.2,1,0,0
2026-03-26,Chase DeLauter,CLE,OF,5.3,,13.0,10.6,1,0,0
2026-03-26,Andy Pages,LAD,OF,5.3,,1.0,10.6,1,0,0
2026-03-26,Brandon Lowe,PIT,2B,5.1,,3.0,10.2,1,0,0
2026-03-26,Alec Burleson,STL,OF,5.0,,2.0,10.0,1,0,0
2026-03-26,Kevin McGonigle,DET,3B,4.9,,8.0,9.8,1,0,0
2026-03-26,Andrew Abbott,CIN,P,4.6,,27.0,9.2,1,0,0
2026-03-26,Dominic Canzone,SEA,OF,4.3,,2.0,8.6,1,0,0
2026-03-26,Jacob Misiorowski,MIL,P,4.2,,1500.0,8.4,1,1,0
2026-03-26,Paul Skenes,PIT,P,-3.6,,6000.0,-7.2,0,1,0
2026-03-26,Yoshinobu Yamamoto,LAD,P,3.2,,5400.0,6.4,0,1,0
2026-03-26,Shohei Ohtani,LAD,DH,0.9,,4800.0,1.8,0,1,0
2026-03-26,Freddie Freeman,LAD,1B,-0.5,,3900.0,-1.0,0,1,0
2026-03-26,Hunter Brown,HOU,P,3.8,,3200.0,7.6,0,1,0
2026-03-26,Bryce Harper,PHI,1B,-0.8,,2200.0,-1.6,0,1,0
2026-03-26,Logan Gilbert,SEA,P,2.2,,1600.0,4.4,0,1,0
2026-03-26,Jose Altuve,HOU,2B,-0.3,,1500.0,-0.6,0,1,0
2026-03-26,Nathan Eovaldi,TEX,P,-0.2,,1400.0,-0.4,0,1,0
2026-03-26,Mike Trout,LAA,OF,3.2,,1300.0,6.4,0,1,0
2026-04-01,Gavin Williams,CLE,P,7.8,1.6,51.0,28.2,1,0,0
2026-04-01,Drake Baldwin,DET,C,5.0,2.4,7.0,24.0,1,0,0
2026-04-01,Zac Gallen,ARI,P,4.5,3.0,62.0,22.5,1,1,1
2026-04-01,Oneil Cruz,PIT,SS,4.5,2.3,9.0,20.9,1,0,0
2026-04-01,Liam Hicks,SD,C,5.4,1.8,99.0,20.2,1,0,0
2026-04-01,Kyle Isbel,KC,OF,5.2,1.8,34.0,19.7,1,0,0
2026-04-01,Sandy Alcantara,MIA,P,9.5,,50.0,19.0,1,0,0
2026-04-01,Jonathan India,CIN,2B,4.3,3.0,1.0,18.7,1,0,0
2026-04-01,Nico Hoerner,CHC,2B,3.7,3.0,11.0,18.7,1,0,0
2026-04-01,Josh Bell,CLE,1B,3.7,3.0,1.0,18.6,1,0,0
2026-04-01,Carlos Correa,MIN,SS,3.9,2.8,1.0,18.6,1,0,0
2026-04-01,Ben Rice,NYY,1B,4.3,2.1,15.0,17.8,1,0,0
2026-04-01,Justin Crawford,PHI,OF,3.7,3.0,3.0,17.6,1,0,0
2026-04-01,Freddy Peralta,MIL,P,4.7,1.7,332.0,17.2,1,1,0
2026-04-01,Shohei Ohtani,LAD,DH,-0.6,2.2,3400.0,-2.52,0,1,0
2026-04-01,Tarik Skubal,DET,P,4.5,,3200.0,9.0,0,1,0
2026-04-01,Yoshinobu Yamamoto,LAD,P,3.0,,2600.0,6.0,0,1,0
2026-04-01,Paul Skenes,PIT,P,4.0,,2500.0,8.0,0,1,0
2026-04-01,Cristopher Sánchez,PHI,P,3.8,,1800.0,7.6,0,1,0
2026-04-01,Yordan Alvarez,HOU,DH,2.1,1.4,1500.0,7.14,0,1,0
2026-04-01,Garrett Crochet,BOS,P,1.1,,1400.0,2.2,0,1,0
2026-04-01,Corbin Carroll,ARI,OF,3.2,1.5,1400.0,11.2,0,1,0
2026-04-01,Chase DeLauter,CLE,OF,,1.9,1300.0,,0,1,0
2026-04-01,Shane Smith,SEA,OF,-3.5,3.0,1300.0,-17.5,0,1,1
2026-04-01,Chris Sale,ATL,P,5.0,,1300.0,10.0,0,1,0
2026-04-01,Yusei Kikuchi,LAA,P,1.5,3.0,1200.0,7.5,0,1,1
2026-04-01,Aaron Judge,NYY,OF,-0.4,3.0,749.0,-2.0,0,0,1
2026-04-01,Kyle Tucker,HOU,OF,-0.6,3.0,686.0,-3.0,0,0,1
2026-04-03,Aaron Judge,NYY,OF,5.6,3.0,767.0,28.0,1,0,1
2026-04-03,Lawrence Butler,OAK,OF,5.3,3.0,2.0,26.5,1,0,0
2026-04-03,Sean Burke,CWS,P,5.4,2.9,6.0,26.46,1,0,0
2026-04-03,Shohei Ohtani,LAD,DH,4.9,2.6,1200.0,22.54,1,1,0
2026-04-03,Gunnar Henderson,BAL,SS,4.4,3.0,9.0,22.0,1,0,0
2026-04-03,Tristan Gray,MIN,3B,5.0,2.3,2.0,21.5,1,0,0
2026-04-03,CJ Abrams,WSH,SS,5.0,2.2,21.0,21.0,1,0,0
2026-04-03,Marcus Semien,TEX,2B,4.5,3.0,1.0,22.5,1,0,0
2026-04-03,Sonny Gray,BOS,P,4.1,3.0,1900.0,20.5,1,1,1
2026-04-03,Tyler Stephenson,CIN,C,4.1,3.0,2.0,20.5,1,0,0
2026-04-03,Marcelo Mayer,BOS,SS,4.2,3.0,1.0,21.0,1,0,0
2026-04-03,Max Muncy,LAD,3B,4.6,3.0,1.0,23.0,1,0,0
2026-04-03,Chase DeLauter,CLE,OF,5.1,1.9,12.0,19.89,1,0,0
2026-04-03,Spencer Steer,CIN,3B,4.4,3.0,1.0,22.0,1,0,0
2026-04-03,Dylan Cease,SD,P,2.2,,3000.0,4.4,0,1,0
2026-04-03,Bryan Woo,SEA,P,7.3,,2800.0,14.6,0,1,0
2026-04-03,Yordan Alvarez,HOU,DH,0.6,1.4,2500.0,2.04,0,1,0
2026-04-03,Corbin Carroll,ARI,OF,0.1,1.6,2100.0,0.36,0,1,0
2026-04-03,Shea Langeliers,OAK,C,0.0,1.2,1900.0,0.0,0,1,0
2026-04-03,Aaron Nola,PHI,P,5.4,1.0,1700.0,16.2,0,1,0
2026-04-03,Brady Singer,CIN,P,1.7,3.0,1700.0,8.5,0,1,1
2026-04-03,Juan Soto,NYM,OF,0.4,2.4,1700.0,1.76,0,1,0
2026-04-03,Drake Baldwin,DET,C,0.0,1.7,1500.0,0.0,0,1,0
2026-04-03,Oneil Cruz,PIT,SS,0.8,1.6,1500.0,2.88,0,1,0
2026-04-03,Yandy Díaz,TB,1B,1.0,1.1,1400.0,3.1,0,1,0
2026-04-03,Framber Valdez,HOU,P,5.4,,1200.0,10.8,0,1,0
2026-04-03,Michael Lorenzen,CIN,P,-6.4,3.0,674.0,-32.0,0,0,1
2026-04-03,Vladimir Guerrero Jr.,TOR,1B,-0.1,3.0,392.0,-0.5,0,0,1
2026-04-03,Mookie Betts,LAD,SS,3.6,2.7,,16.92,0,0,0
2026-04-03,Bryce Harper,PHI,1B,2.5,3.0,,12.5,0,0,0
2026-04-02,Matt Olson,ATL,1B,5.6,3.0,26,28.0,1,0,0
2026-04-02,Cole Ragans,KCR,P,5.3,3.0,1400,26.5,1,1,1
2026-04-02,Luis Arraez,SF,2B,2.8,3.0,23,14.0,1,0,0
2026-04-02,Casey Schmitt,SF,3B,2.5,3.0,1,12.5,1,0,0
2026-04-02,Kody Clemens,PHI,2B,2.6,3.0,2,13.0,1,0,0
2026-04-02,Austin Riley,ATL,3B,2.2,3.0,8,11.0,1,0,0
2026-04-02,Jordan Lawlar,ARI,SS,2.1,3.0,4,10.5,1,0,0
2026-04-02,Mauricio Dubón,ATL,OF,2.3,2.5,230,10.35,1,0,0
2026-04-02,Matt Chapman,SF,3B,2.0,3.0,7,10.0,1,0,0
2026-04-02,Taj Bradley,TB,P,4.8,,334,9.6,1,0,0
2026-04-02,Rafael Devers,SF,3B,1.9,3.0,15,9.5,1,0,0
2026-04-02,Michael Harris II,ATL,OF,1.8,3.0,344,9.0,1,1,1
2026-04-02,Josh Bell,CLE,1B,2.0,2.4,141,8.8,1,0,0
2026-04-02,Matt Wallner,MIN,OF,1.7,3.0,1,8.5,1,0,0
2026-04-02,Juan Soto,NYM,OF,0.4,2.1,5600,1.64,0,1,0
2026-04-02,Corbin Carroll,ARI,OF,-0.4,1.4,4000,-1.36,0,1,0
2026-04-02,Drake Baldwin,DET,C,0.9,1.6,2900,3.24,0,1,0
2026-04-02,Willy Adames,SF,SS,-0.8,3.0,2600,-4.0,0,1,1
2026-04-02,David Peterson,NYM,P,-0.3,,2600,-0.6,0,1,0
2026-04-02,Ryne Nelson,ARI,P,1.1,2.0,2400,4.4,0,1,0
2026-04-02,Luis Robert Jr.,CHW,OF,-0.2,1.9,2300,-0.78,0,1,0
2026-04-02,Robbie Ray,SF,P,2.9,,2300,5.8,0,1,0
2026-04-02,Bobby Witt Jr.,KCR,SS,0.0,3.0,2000,0.0,0,1,1
2026-04-02,Geraldo Perdomo,ARI,SS,0.9,3.0,1900,4.5,0,1,1
2026-04-02,Francisco Lindor,NYM,SS,0.1,3.0,1800,0.5,0,1,0
2026-04-02,Reynaldo López,ATL,P,2.4,,1700,4.8,0,1,0
2026-04-02,Ronald Acuña Jr.,ATL,OF,0.7,3.0,,3.5,0,0,0
2026-04-02,Ozzie Albies,ATL,2B,1.4,3.0,,7.0,0,0,0
2026-04-02,Jung Hoo Lee,SF,OF,0.9,3.0,,4.5,0,0,0
2026-04-04,Jordan Walker,STL,OF,6.8,2.8,1.0,32.7,1,0,0
2026-04-04,Freddie Freeman,LAD,OF,4.6,2.9,4.0,22.4,1,0,0
2026-04-04,Steven Matz,NYM,P,5.9,1.8,90.0,22.2,1,0,0
2026-04-04,Jesús Luzardo,LAA,P,6.5,1.4,1500.0,22.2,1,1,0
2026-04-04,Garrett Mitchell,MIL,OF,6.1,1.9,4.0,21.3,1,0,0
2026-04-04,Shane Baz,TB,P,4.1,3.0,1800.0,20.4,1,1,1
2026-04-04,Zach McKinstry,LAD,OF,3.9,3.0,1.0,19.5,1,0,0
2026-04-04,Munetaka Murakami,LAD,OF,3.9,2.9,11.0,19.0,1,0,0
2026-04-04,Christian Walker,ARI,1B,4.5,2.3,9.0,18.6,1,0,0
2026-04-04,Cody Bellinger,LAD,OF,3.5,3.0,4.0,17.5,1,0,0
2026-04-04,Andy Pages,LAD,OF,4.8,1.4,243.0,17.4,1,0,0
2026-04-04,Joey Loperfido,HOU,OF,3.8,3.0,2.0,16.8,1,0,0
2026-04-04,Xavier Edwards,SD,SS,3.5,2.8,3.0,16.7,1,0,0
2026-04-04,Vladimir Guerrero Jr.,TOR,1B,3.3,3.0,43.0,16.6,1,0,0
2026-04-04,Shohei Ohtani,LAD,DH,0.6,1.8,2800.0,5.28,0,1,0
2026-04-04,Tyler Glasnow,LAD,P,3.9,0.0,2100.0,7.8,0,1,0
2026-04-04,Aaron Judge,NYY,OF,2.3,2.0,1900.0,9.46,0,1,0
2026-04-04,Yordan Alvarez,HOU,DH,1.7,1.6,1700.0,5.72,0,1,0
2026-04-04,Corbin Carroll,ARI,OF,-0.1,1.8,1700.0,-0.18,0,1,0
2026-04-04,Ben Rice,NYY,C,-0.3,1.3,1500.0,-0.39,0,1,0
2026-04-04,Yandy Díaz,TB,1B,2.4,1.2,1300.0,8.32,0,1,0
2026-04-04,Drake Baldwin,DET,C,-0.3,2.0,1300.0,-0.6,0,1,0
2026-04-04,Shea Langeliers,OAK,C,-0.5,1.4,1300.0,-1.5,0,1,0
2026-04-04,Mick Abel,BAL,P,-0.2,3.0,1300.0,-1.0,0,1,1
2026-04-04,Christian Yelich,MIL,OF,1.1,1.4,1200.0,3.74,0,1,0
2026-04-04,Brice Turang,MIL,2B,1.9,1.5,1200.0,6.65,0,1,0
2026-04-04,Dustin May,LAD,P,-4.3,3.0,928.0,-21.5,0,0,1
2026-04-04,Cal Raleigh,SEA,C,-0.7,3.0,539.0,-3.5,0,0,1
2026-04-04,Bryce Harper,PHI,1B,-0.7,3.0,527.0,-3.5,0,0,1
2026-04-05,Brent Rooker,OAK,OF,9.8,3.0,2,49.0,1,0,0
2026-04-05,Slade Cecconi,CLE,P,6.3,3.0,858,31.5,1,0,1
2026-04-05,Manny Machado,SD,3B,5.2,3.0,3,26.0,1,0,0
2026-04-05,Masataka Yoshida,BOS,DH,5.2,3.0,1,26.0,1,0,0
2026-04-05,Drake Baldwin,DET,C,6.0,2.2,50,25.2,1,0,0
2026-04-05,Tyler Soderstrom,OAK,C,5.5,3.0,3,27.5,1,0,0
2026-04-05,Davis Martin,CWS,P,5.5,2.5,15,24.75,1,0,0
2026-04-05,Jackson Merrill,SD,OF,4.7,3.0,1,23.5,1,0,0
2026-04-05,Cole Young,SEA,SS,5.0,2.5,6,22.5,1,0,0
2026-04-05,Mickey Moniak,COL,OF,4.2,3.0,1,21.0,1,0,0
2026-04-05,James Wood,WSH,OF,4.0,3.0,6,20.0,1,0,0
2026-04-05,Ryan O'Hearn,PIT,1B,5.0,1.9,4,19.5,1,0,0
2026-04-05,CJ Kayfus,CLE,OF,4.0,3.0,1,20.0,1,0,0
2026-04-05,Maikel Garcia,KC,2B,3.8,3.0,1,19.0,1,0,0
2026-04-05,Corbin Carroll,ARI,OF,4.6,2.1,1600,18.86,1,1,0
2026-04-05,Xavier Edwards,SD,SS,3.7,3.0,25,18.5,1,0,0
2026-04-05,Cam Smith,HOU,3B,3.8,3.0,1,19.0,1,0,0
2026-04-05,Max Fried,NYY,P,4.0,,3800,8.0,0,1,0
2026-04-05,Aaron Judge,NYY,OF,1.3,1.9,3500,5.07,0,1,0
2026-04-05,Shohei Ohtani,LAD,DH,3.7,1.9,2600,14.43,0,1,0
2026-04-05,Yordan Alvarez,HOU,DH,3.1,1.6,1800,11.16,0,1,0
2026-04-05,Shota Imanaga,CHC,P,3.6,1.9,1600,14.04,0,1,0
2026-04-05,Andy Pages,LAD,OF,0.7,1.2,1500,2.24,0,1,0
2026-04-05,Chris Bassitt,BAL,P,-4.0,3.0,1400,-20.0,0,1,1
2026-04-05,Ben Rice,NYY,C,4.8,1.5,1300,16.8,0,1,0
2026-04-05,Shea Langeliers,OAK,C,0.5,1.6,1200,1.8,0,1,0
2026-04-05,Jordan Walker,STL,OF,0.4,1.7,1200,1.48,0,1,0
2026-04-05,Logan Webb,SF,P,5.2,0.3,1100,11.96,0,1,0
2026-04-05,CJ Abrams,WSH,SS,1.2,1.4,1100,4.08,0,1,0
2026-04-05,Christian Yelich,MIL,OF,3.3,1.7,1100,12.21,0,1,0
2026-04-05,Luis Castillo,SEA,P,0.4,,1100,0.8,0,1,0
2026-04-05,Chase DeLauter,CLE,OF,1.1,1.4,1000,3.74,0,1,0
2026-04-05,Yandy Díaz,TB,1B,0.2,1.2,945,0.64,0,1,0
2026-04-05,Kyle Leahy,STL,P,1.5,3.0,801,7.5,0,0,1
2026-04-05,Walker Buehler,SD,P,-0.7,3.0,585,-3.5,0,0,1
2026-04-05,Jacob Lopez,OAK,P,1.0,3.0,467,5.0,0,0,1
2026-04-05,Nick Kurtz,OAK,1B,2.3,3.0,,11.5,0,0,0
2026-04-05,Jake Wilson,OAK,P,0.6,3.0,,3.0,0,0,0
2026-04-05,Lawrence Butler,OAK,OF,0.4,3.0,,2.0,0,0,0
2026-04-05,Elly De La Cruz,CIN,SS,2.8,3.0,,14.0,0,0,0
2026-04-05,Pete Alonso,NYM,1B,0.9,3.0,,4.5,0,0,0
2026-04-05,Junior Caminero,TB,3B,2.6,3.0,,13.0,0,0,0
2026-04-05,Roman Anthony,BOS,OF,-0.1,3.0,,-0.5,0,0,0
2026-04-05,Trea Turner,PHI,SS,0.4,2.8,,1.92,0,0,0
2026-04-05,Francisco Lindor,NYM,SS,-0.8,3.0,,-4.0,0,0,0
2026-04-05,Zac Neto,LAA,SS,0.6,2.5,,2.7,0,0,0
2026-04-05,Ketel Marte,ARI,2B,3.3,3.0,,16.5,0,0,0
2026-04-05,Carlos Correa,MIN,SS,2.5,2.6,,11.5,0,0,0
2026-04-05,Jose Altuve,HOU,2B,2.9,2.7,,13.63,0,0,0
2026-04-05,Rafael Devers,BOS,3B,1.4,3.0,,7.0,0,0,0
2026-04-05,Julio Rodriguez,SEA,OF,1.2,3.0,,6.0,0,0,0
2026-04-05,Bobby Witt Jr.,KC,SS,0.5,3.0,,2.5,0,0,0
2026-04-05,Corbin Burns,NYY,P,4.5,,,9.0,0,0,0
2026-04-05,Tomoyuki Sugano,TOR,P,3.8,,,7.6,0,0,0
2026-04-05,Bo Bichette,TOR,SS,-0.3,3.0,,-1.5,0,0,0
2026-04-05,Wilyer Abreu,BOS,OF,3.9,1.9,,15.21,0,0,0
2026-04-06,Shohei Ohtani,LAD,DH,2.0,1.7,4900,7.4,0,1,0
2026-04-06,Chris Sale,ATL,P,-1.2,0.0,3600,-2.4,0,1,0
2026-04-06,Yordan Alvarez,HOU,DH,-0.5,1.5,3100,-1.75,0,1,0
2026-04-06,Logan Gilbert,SEA,P,3.9,0.9,2800,11.31,0,1,0
2026-04-06,Brayan Bello,BOS,P,0.3,3.0,2100,1.5,0,1,1
2026-04-06,Andy Pages,LAD,OF,2.2,1.3,1700,7.26,0,1,0
2026-04-06,Drake Baldwin,ATL,C,2.6,1.7,1700,9.62,0,1,0
2026-04-06,Oneil Cruz,PIT,SS,0.4,1.7,1700,1.48,0,1,0
2026-04-06,Jacob deGrom,TEX,P,3.9,0.2,1700,8.58,0,1,0
2026-04-06,Christian Walker,HOU,1B,1.4,1.7,1700,5.18,0,1,0
2026-04-06,Christian Yelich,MIL,OF,3.1,1.6,1600,11.16,0,1,0
2026-04-06,Zack Littell,WSH,P,3.7,3.0,1500,18.5,1,1,1
2026-04-06,CJ Abrams,WSH,SS,1.7,1.5,1400,5.95,0,1,0
2026-04-06,Chase DeLauter,CLE,OF,-0.3,1.7,1300,-1.11,0,1,0
2026-04-06,Xavier Edwards,MIA,2B,-0.4,1.8,1300,-1.52,0,1,0
2026-04-06,Brice Turang,MIL,2B,1.6,1.8,1300,6.08,0,1,0
2026-04-06,Wilyer Abreu,BOS,OF,0.3,1.6,1200,1.08,0,1,0
2026-04-06,Vladimir Guerrero Jr.,TOR,1B,-0.3,3.0,619,-1.5,0,0,1
2026-04-06,Mike Trout,LAA,OF,0.0,3.0,350,0.0,0,0,1
2026-04-06,Ronald Acuña Jr.,ATL,OF,-0.4,3.0,284,-2.0,0,0,1
2026-04-06,James Wood,WSH,OF,5.5,3.0,3,27.5,1,0,0
2026-04-06,Teoscar Hernández,LAD,OF,5.2,3.0,3,26.0,1,0,0
2026-04-06,Willson Contreras,BOS,1B,5.0,3.0,1,25.0,1,0,0
2026-04-06,Bryce Harper,PHI,1B,5.0,3.0,13,25.0,1,0,0
2026-04-06,Brady House,WSH,3B,4.9,3.0,2,24.5,1,0,0
2026-04-06,Jonathan India,KC,2B,4.3,2.9,1,21.07,1,0,0
2026-04-06,Troy Johnston,COL,1B,4.5,3.0,4,22.5,1,0,0
2026-04-06,Dalton Rushing,LAD,C,4.7,2.2,1,19.74,1,0,0
2026-04-06,Luke Keaschall,MIN,2B,3.7,3.0,2,18.5,1,0,0
2026-04-06,Matt Chapman,SF,3B,3.6,3.0,13,18.0,1,0,0
2026-04-06,Freddie Freeman,LAD,1B,4.0,2.3,53,17.2,1,0,0
2026-04-06,José Soriano,LAA,P,8.2,0.0,142,16.4,1,0,0
2026-04-06,Jo Adell,LAA,OF,3.1,3.0,3,15.5,1,0,0
2026-04-06,TJ Rumfield,COL,OF,3.2,2.9,13,15.68,1,0,0
2026-04-06,Carter Jensen,KC,C,3.1,3.0,1,15.5,1,0,0
2026-04-06,Victor Caratini,MIN,C,3.3,3.0,1,16.5,1,0,0
2026-04-06,Kyle Tucker,HOU,OF,2.1,2.5,,9.45,0,0,0
2026-04-06,Justin Wrobleski,LAD,P,3.9,0.4,,9.36,0,0,0
2026-04-06,Luis García Jr.,WSH,2B,0.1,2.6,,0.46,0,0,0
2026-04-06,Jackson Merrill,SD,OF,1.8,2.6,,8.28,0,0,0
2026-04-06,Manny Machado,SD,3B,1.4,3.0,,7.0,0,0,0
2026-04-06,Gunnar Henderson,BAL,SS,1.6,2.6,,7.36,0,0,0
2026-04-06,Fernando Tatis Jr.,SD,SS,-0.2,3.0,,-1.0,0,0,0
2026-04-07,Amed Rosario,MIL,SS,7.3,3.0,1,36.5,1,0,0
2026-04-07,Willi Castro,MIN,OF,5.4,3.0,4,27.0,1,0,0
2026-04-07,Curtis Mead,TB,3B,4.8,3.0,4,24.0,1,0,0
2026-04-07,Pete Crow-Armstrong,CHC,OF,4.0,3.0,26,20.0,1,0,0
2026-04-07,Daniel Susac,OAK,C,4.1,3.0,1,20.5,1,0,0
2026-04-07,Gunnar Henderson,BAL,SS,4.0,2.5,52,18.0,1,0,0
2026-04-07,Matt McLain,CIN,SS,3.6,3.0,1,18.0,1,0,0
2026-04-07,Nathan Eovaldi,TEX,P,3.4,3.0,2200,17.0,1,1,1
2026-04-07,Jorge Soler,LAA,DH,3.4,3.0,12,17.0,1,0,0
2026-04-07,Moisés Ballesteros,CHC,C,3.5,3.0,3,17.5,1,0,0
2026-04-07,James Wood,WSH,OF,3.8,2.2,20,15.96,1,0,0
2026-04-07,Sandy Alcantara,MIA,P,7.5,0.0,224,15.0,1,0,0
2026-04-07,Jakob Marsee,OAK,OF,2.9,3.0,1,14.5,1,0,0
2026-04-07,Alex Freeland,COL,OF,3.3,3.0,1,16.5,1,0,0
2026-04-07,Nathan Church,WSH,OF,3.2,3.0,1,16.0,1,0,0
2026-04-07,Matt Chapman,SF,3B,3.0,2.8,43,14.4,1,0,0
2026-04-07,Shane Smith,SEA,OF,2.8,3.0,1000,14.0,1,1,1
2026-04-07,Shohei Ohtani,LAD,DH,1.4,1.7,4600,5.18,0,1,0
2026-04-07,Tarik Skubal,DET,P,0.7,0.0,4400,1.4,0,1,0
2026-04-07,Paul Skenes,PIT,P,4.8,0.3,3800,11.04,0,1,0
2026-04-07,Yordan Alvarez,HOU,DH,-0.4,1.6,2300,-1.44,0,1,0
2026-04-07,Cam Schlittler,NYY,P,3.1,0.0,2100,6.2,0,1,0
2026-04-07,Ben Rice,NYY,1B,1.0,1.3,2000,3.3,0,1,0
2026-04-07,Cristopher Sánchez,PHI,P,1.0,0.0,2000,2.0,0,1,0
2026-04-07,Yoshinobu Yamamoto,LAD,P,4.2,0.0,1900,8.4,0,1,0
2026-04-07,Andy Pages,LAD,OF,0.1,1.3,1900,0.33,0,1,0
2026-04-07,Aaron Judge,NYY,OF,-0.2,1.9,1800,-0.78,0,1,0
2026-04-07,Drake Baldwin,DET,C,1.4,1.6,1700,5.04,0,1,0
2026-04-07,Christian Yelich,MIL,OF,1.1,1.5,1500,3.85,0,1,0
2026-04-07,Oneil Cruz,PIT,SS,2.1,1.8,1500,7.98,0,1,0
2026-04-07,Christian Walker,HOU,1B,1.9,1.7,1400,7.03,0,1,0
2026-04-07,Corbin Carroll,ARI,OF,0.1,1.7,1400,0.37,0,1,0
2026-04-07,CJ Abrams,WSH,SS,2.3,1.5,1300,8.05,0,1,0
2026-04-07,Bryce Harper,PHI,1B,0.5,3.0,461,2.5,0,0,1
2026-04-07,José Ramírez,CLE,3B,-0.7,3.0,362,-3.5,0,0,1
2026-04-07,Mike Trout,LAA,OF,0.4,3.0,324,2.0,0,0,1
2026-04-07,Garrett Crochet,BOS,P,4.8,0.0,,9.6,0,0,0
2026-04-07,Marcus Burrows,PIT,OF,1.5,1.1,,4.65,0,0,0
2026-04-07,Kevin Gausman,TOR,P,3.3,0.0,,6.6,0,0,0
2026-04-07,Kyle Tucker,LAD,OF,0.5,2.3,,2.15,0,0,0
2026-04-07,Nico Hoerner,CHC,2B,2.5,2.5,,11.25,0,0,0
2026-04-07,Taylor Ward,BAL,OF,2.2,2.7,,10.34,0,0,0
2026-04-07,Cedric Mullins,BAL,OF,-0.4,3.0,,-2.0,0,0,0
2026-04-07,Yusei Kikuchi,LAA,P,2.0,1.9,,7.8,0,0,0
2026-04-07,Brady House,WSH,3B,-0.2,2.7,,-0.94,0,0,0
2026-04-07,Dylan Lile,COL,P,1.2,3.0,,6.0,0,0,0
2026-04-07,Robbie Ray,SF,P,5.9,0.0,,11.8,0,0,0
2026-04-07,Jordan Walker,STL,OF,2.3,1.7,,8.51,0,0,0
2026-04-07,Elly De La Cruz,CIN,SS,1.1,2.7,,5.17,0,0,0
2026-04-07,Cam Smith,HOU,3B,0.2,2.6,,0.92,0,0,0
2026-04-09,Aaron Judge,NYY,OF,-0.7,2.3,3900,-3.01,0,1,0
2026-04-09,Corbin Carroll,ARI,OF,0.0,1.6,2600,0.0,0,1,0
2026-04-09,Nolan McLean,NYM,P,5.6,0.0,2600,11.2,0,1,0
2026-04-09,Seth Lugo,KC,P,4.1,0.0,2200,8.2,0,1,0
2026-04-09,Jack Flaherty,LAD,P,3.2,2.1,2100,13.12,0,1,0
2026-04-09,Luis Robert Jr.,CHW,OF,2.1,2.3,2100,9.03,0,1,0
2026-04-09,Randy Vásquez,SD,P,1.9,0.0,2000,3.8,0,1,0
2026-04-09,Bobby Witt Jr.,KC,SS,1.2,3.0,1900,6.0,0,1,1
2026-04-09,Manny Machado,SD,3B,0.2,3.0,1800,1.0,0,1,1
2026-04-09,Jackson Merrill,SD,OF,-0.4,2.9,1800,-1.96,0,1,0
2026-04-09,Mick Abel,BAL,P,4.6,3.0,1700,23.0,0,1,1
2026-04-09,Brent Rooker,OAK,OF,0.0,2.4,1500,0.0,0,1,0
2026-04-09,Ben Rice,NYY,C,0.6,1.5,1500,2.1,0,1,0
2026-04-09,Fernando Tatis Jr.,SD,SS,0.4,3.0,1400,2.0,0,1,1
2026-04-09,Munetaka Murakami,LAD,OF,0.3,3.0,1400,1.5,0,0,1
2026-04-08,Angel Martínez,CLE,SS,6.9,3.0,2.0,34.5,1,0,0
2026-04-08,Rafael Devers,BOS,3B,5.1,3.0,4.0,25.5,1,0,0
2026-04-08,Taylor Ward,BAL,OF,5.1,2.5,2.0,22.95,1,0,0
2026-04-08,Tyler Mahle,TEX,P,4.6,3.0,1500.0,23.0,1,1,1
2026-04-08,Alec Burleson,STL,OF,4.6,2.8,5.0,22.08,1,0,0
2026-04-08,Sal Stewart,CIN,3B,4.5,2.3,60.0,19.35,1,0,0
2026-04-08,Ryne Nelson,ARI,P,5.0,1.7,8.0,18.5,1,0,0
2026-04-08,Michael Lorenzen,CIN,P,3.5,3.0,282.0,17.5,1,0,1
2026-04-08,Nico Hoerner,CHC,2B,4.1,2.3,66.0,17.63,1,0,0
2026-04-08,Edouard Julien,MIN,2B,3.6,3.0,1.0,18.0,1,0,0
2026-04-08,Shohei Ohtani,LAD,DH,4.4,1.7,7800.0,16.28,1,1,0
2026-04-08,Corbin Carroll,ARI,OF,4.2,1.9,1500.0,16.38,1,1,0
2026-04-08,Nick Castellanos,PHI,OF,3.1,3.0,1.0,15.5,1,0,0
2026-04-08,Zach Agnos,COL,2B,3.4,3.0,1.0,17.0,1,0,0
2026-04-08,Griffin Conine,MIA,OF,3.5,3.0,1.0,17.5,1,0,0
2026-04-08,Matt Olson,ATL,1B,3.0,2.9,11.0,14.7,1,0,0
2026-04-08,Gleyber Torres,DET,2B,2.8,3.0,7.0,14.0,1,0,0
2026-04-08,Bryan Woo,SEA,P,3.3,,2200.0,6.6,0,1,0
2026-04-08,Yordan Alvarez,HOU,DH,0.1,1.8,2200.0,0.38,0,1,0
2026-04-08,Aaron Judge,NYY,OF,0.3,2.1,2200.0,1.23,0,1,0
2026-04-08,Framber Valdez,HOU,P,-0.8,,2000.0,-1.6,0,1,0
2026-04-08,Ben Rice,NYY,C,-0.9,1.4,1800.0,-3.06,0,1,0
2026-04-08,James Wood,WSH,OF,0.7,1.9,1500.0,2.73,0,1,0
2026-04-08,Andy Pages,LAD,OF,-0.6,1.5,1500.0,-2.1,0,1,0
2026-04-08,Kyle Bradish,BAL,P,1.9,1.4,1400.0,6.46,0,1,0
2026-04-08,Cristian Javier,HOU,P,0.0,3.0,1400.0,0.0,0,1,1
2026-04-08,Yandy Díaz,TB,1B,-0.2,1.6,1400.0,-0.72,0,1,0
2026-04-08,CJ Abrams,WSH,SS,-0.5,1.5,1400.0,-1.75,0,1,0
2026-04-08,Drake Baldwin,DET,C,1.2,1.6,1300.0,4.32,0,1,0
2026-04-08,Brady Singer,CIN,P,-2.8,1.6,1300.0,-10.08,0,1,0
2026-04-08,Jordan Walker,STL,OF,1.6,1.7,1300.0,5.92,0,1,0
2026-04-08,Pete Crow-Armstrong,CHC,OF,-0.6,3.0,367.0,-3.0,0,0,1
2026-04-08,Miles Mikolas,STL,P,0.7,3.0,287.0,3.5,0,0,1
2026-04-10,Max Muncy,LAD,3B,9.6,3.0,2.0,48.0,1,0,0
2026-04-10,Gavin Sheets,CHW,OF,7.5,3.0,2.0,37.5,1,0,0
2026-04-10,Jake Bauers,MIL,1B,5.5,3.0,3.0,27.5,1,0,0
2026-04-10,Ryan Jeffers,MIN,C,5.5,3.0,1.0,27.5,1,0,0
2026-04-10,Jorge Soler,LAA,DH,4.8,2.6,9.0,22.08,1,0,0
2026-04-10,Randy Arozarena,SEA,OF,4.4,3.0,3.0,22.0,1,0,0
2026-04-10,Corey Seager,TEX,SS,3.9,2.9,16.0,19.11,1,0,0
2026-04-10,Brandon Valenzuela,SD,C,4.3,3.0,1.0,21.5,1,0,0
2026-04-10,Davis Schneider,TOR,2B,3.5,3.0,7.0,17.5,1,0,0
2026-04-10,Willy Adames,SF,SS,3.5,3.0,2.0,17.5,1,0,0
2026-04-10,Bryan Reynolds,PIT,OF,3.4,3.0,1.0,17.0,1,0,0
2026-04-10,James Wood,WSH,OF,4.2,2.0,52.0,16.8,1,0,0
2026-04-10,Ronald Acuña Jr.,ATL,OF,3.4,3.0,22.0,17.0,1,0,0
2026-04-10,Andy Pages,LAD,OF,7.2,1.6,1700.0,25.92,1,1,0
2026-04-10,Walker Buehler,SD,P,5.9,3.0,2100.0,29.5,1,1,1
2026-04-10,Dustin May,LAD,P,5.0,3.0,1700.0,25.0,1,1,1
2026-04-10,Vladimir Guerrero Jr.,TOR,1B,3.6,3.0,516.0,18.0,1,0,1
2026-04-10,Shohei Ohtani,LAD,DH,0.2,1.5,5000.0,0.7,0,1,0
2026-04-10,Tyler Glasnow,LAD,P,2.4,,2500.0,4.8,0,1,0
2026-04-10,Chase Burns,CIN,P,-1.0,,2200.0,-2.0,0,1,0
2026-04-10,Yordan Alvarez,HOU,DH,4.3,1.9,2000.0,16.77,0,1,0
2026-04-10,Christian Yelich,MIL,OF,-0.7,1.7,1800.0,-2.59,0,1,0
2026-04-10,Jesús Luzardo,PHI,P,1.8,,1600.0,3.6,0,1,0
2026-04-10,Drake Baldwin,DET,C,2.2,1.7,1500.0,8.14,0,1,0
2026-04-10,Jordan Walker,STL,OF,0.9,1.7,1300.0,3.33,0,1,0
2026-04-10,Ben Rice,NYY,1B,2.1,1.6,1300.0,7.56,0,1,0
2026-04-10,Aaron Judge,NYY,OF,0.6,2.5,1300.0,2.7,0,1,0
2026-04-10,Corbin Carroll,ARI,OF,,1.6,1300.0,,0,1,0
2026-04-10,Wilyer Abreu,BOS,OF,0.7,1.9,1200.0,2.73,0,1,0
2026-04-10,CJ Abrams,WSH,SS,2.2,1.6,1200.0,7.92,0,1,0
2026-04-10,Clay Holmes,NYM,P,3.0,,1200.0,6.0,0,1,0
2026-04-10,Elly De La Cruz,CIN,SS,1.4,3.0,264.0,7.0,0,0,1
2026-04-10,Bobby Witt Jr.,KC,SS,1.4,3.0,210.0,7.0,0,0,1
2026-04-11,Tyler Soderstrom,OAK,C,7.1,2.8,6.0,34.08,1,0,0
2026-04-11,Mickey Moniak,COL,OF,6.5,3.0,1.0,32.5,1,0,0
2026-04-11,Ramón Laureano,ATL,OF,6.1,3.0,4.0,30.5,1,0,0
2026-04-11,Brandon Nimmo,TEX,OF,6.2,2.8,22.0,29.76,1,0,0
2026-04-11,Riley Greene,DET,OF,5.8,3.0,3.0,29.0,1,0,0
2026-04-11,J.P. Crawford,SEA,SS,5.4,3.0,1.0,27.0,1,0,0
2026-04-11,Cam Smith,HOU,3B,4.8,3.0,11.0,24.0,1,0,0
2026-04-11,Kyle Schwarber,PHI,DH,4.6,3.0,16.0,23.0,1,0,0
2026-04-11,Teoscar Hernández,LAD,OF,4.9,2.6,22.0,22.54,1,0,0
2026-04-11,Bo Bichette,TOR,SS,4.4,3.0,1.0,22.0,1,0,0
2026-04-11,Taylor Trammell,SEA,OF,4.4,3.0,1.0,22.0,1,0,0
2026-04-11,Jose Caballero,NYY,SS,4.3,3.0,1.0,21.5,1,0,0
2026-04-11,Julio Rodriguez,SEA,OF,3.9,3.0,8.0,19.5,1,0,0
2026-04-11,José Ramírez,CLE,3B,3.9,3.0,12.0,19.5,1,0,0
2026-04-11,Oneil Cruz,PIT,SS,4.6,2.0,210.0,18.4,1,0,0
2026-04-11,Jeremiah Jackson,LAA,SS,4.3,3.0,1.0,21.5,1,0,0
2026-04-11,Ranger Suarez,PHI,P,5.7,3.0,2200.0,28.5,1,1,1
2026-04-11,Shohei Ohtani,LAD,DH,2.3,1.6,3900.0,8.28,0,1,0
2026-04-11,Max Fried,NYY,P,6.0,,3000.0,12.0,0,1,0
2026-04-11,Yordan Alvarez,HOU,DH,3.0,1.7,2000.0,11.1,0,1,0
2026-04-11,Emmet Sheehan,LAD,P,2.8,3.0,1900.0,14.0,0,1,1
2026-04-11,Andy Pages,LAD,OF,1.7,1.3,1800.0,5.61,0,1,0
2026-04-11,Chris Bassitt,BAL,P,2.3,3.0,1500.0,11.5,0,1,1
2026-04-11,Gunnar Henderson,BAL,SS,2.5,1.9,1500.0,9.75,0,1,0
2026-04-11,Christian Yelich,MIL,OF,0.1,1.8,1400.0,0.38,0,1,0
2026-04-11,Drake Baldwin,DET,C,0.3,1.7,1400.0,1.11,0,1,0
2026-04-11,Ben Rice,NYY,1B,0.7,1.6,1400.0,2.52,0,1,0
2026-04-11,Jacob Lopez,OAK,P,-0.3,3.0,1400.0,-1.5,0,1,1
2026-04-11,Edward Cabrera,MIA,P,1.2,,1300.0,2.4,0,1,0
2026-04-11,James Wood,WSH,OF,2.8,1.7,1300.0,10.36,0,1,0
2026-04-11,CJ Abrams,WSH,SS,0.0,1.6,1200.0,0.0,0,1,0
2026-04-11,Wilyer Abreu,BOS,OF,-0.6,2.0,1200.0,-2.4,0,1,0
2026-04-11,Jordan Walker,STL,OF,2.0,1.8,1200.0,7.6,0,1,0
2026-04-11,Taijuan Walker,PHI,P,2.2,3.0,713.0,11.0,0,0,1
2026-04-11,Adolis García,TEX,OF,0.0,3.0,11.0,0.0,0,0,0
2026-04-11,Dillon Dingler,DET,C,-0.1,3.0,15.0,-0.5,0,0,0
2026-04-11,Brandon Valenzuela,SD,C,-0.4,3.0,9.0,-2.0,0,0,0
2026-04-12,Brandon Lowe,PIT,2B,6.3,3.0,444.0,31.5,1,0,1
2026-04-12,Willson Contreras,BOS,1B,5.8,2.8,3.0,27.84,1,0,0
2026-04-12,Brice Turang,MIL,2B,6.0,2.0,7.0,24.0,1,0,0
2026-04-12,Colson Montgomery,CWS,SS,4.7,3.0,1.0,23.5,1,0,0
2026-04-12,Trevor Story,BOS,SS,4.1,3.0,4.0,20.5,1,0,0
2026-04-12,Elly De La Cruz,CIN,SS,3.9,2.6,31.0,17.94,1,0,0
2026-04-12,Chandler Simpson,TB,OF,3.8,3.0,3.0,19.0,1,0,0
2026-04-12,Brayan Bello,BOS,P,3.6,3.0,1600.0,18.0,1,1,1
2026-04-12,Jorge Mateo,BAL,SS,3.7,3.0,1.0,18.5,1,0,0
2026-04-12,Tristan Gray,MIN,3B,4.4,2.3,1.0,18.92,1,0,0
2026-04-12,Ty France,MIN,1B,4.2,3.0,1.0,21.0,1,0,0
2026-04-12,Gary Sánchez,MIL,C,4.4,2.8,1.0,21.12,1,0,0
2026-04-12,Dillon Dingler,DET,C,3.7,3.0,1.0,18.5,1,0,0
2026-04-12,Mauricio Dubón,ATL,OF,3.6,2.9,55.0,17.64,1,0,0
2026-04-12,Jarren Duran,BOS,OF,3.5,3.0,1.0,17.5,1,0,0
2026-04-12,Trea Turner,PHI,SS,3.6,3.0,5.0,18.0,1,0,0
2026-04-12,Luke Raley,SEA,OF,3.5,3.0,1.0,17.5,1,0,0
2026-04-12,Shohei Ohtani,LAD,DH,2.2,1.6,3400.0,7.92,0,1,0
2026-04-12,Tarik Skubal,DET,P,5.4,,2700.0,10.8,0,1,0
2026-04-12,Sandy Alcantara,MIA,P,-1.4,,2400.0,-2.8,0,1,0
2026-04-12,Yordan Alvarez,HOU,DH,-0.4,1.6,1800.0,-1.44,0,1,0
2026-04-12,Cam Schlittler,NYY,P,2.8,,1600.0,5.6,0,1,0
2026-04-12,Chris Sale,ATL,P,2.6,,1600.0,5.2,0,1,0
2026-04-12,Oneil Cruz,PIT,SS,2.4,1.7,1600.0,8.88,0,1,0
2026-04-12,Andy Pages,LAD,OF,0.0,1.3,1500.0,0.0,0,1,0
2026-04-12,Drake Baldwin,DET,C,0.1,1.7,1500.0,0.37,0,1,0
2026-04-12,Roki Sasaki,LAD,P,0.1,1.7,1500.0,0.37,0,1,0
2026-04-12,Gunnar Henderson,BAL,SS,0.8,1.8,1400.0,3.04,0,1,0
2026-04-12,James Wood,WSH,OF,2.5,1.7,1000.0,9.25,0,1,0
2026-04-12,Christian Yelich,MIL,OF,-0.4,1.9,993.0,-1.56,0,1,0
2026-04-12,Jordan Walker,STL,OF,2.2,1.7,955.0,8.14,0,1,0
2026-04-12,Matt Olson,ATL,1B,1.7,2.3,939.0,7.31,0,1,0
2026-04-12,José Soriano,LAA,P,7.4,,924.0,14.8,0,1,0
2026-04-12,José Ramírez,CLE,3B,0.5,3.0,600.0,2.5,0,0,1
2026-04-12,Ronald Acuña Jr.,ATL,OF,2.4,3.0,543.0,12.0,0,0,1
2026-04-12,Steven Kwan,CLE,OF,0.0,3.0,326.0,0.0,0,0,1
